{"stats":{"minecraft:picked_up":{"minecraft:crafting_table":1,"minecraft:sweet_berries":30,"minecraft:leather":1,"minecraft:wooden_pickaxe":3,"minecraft:stripped_spruce_log":1,"minecraft:spruce_log":84,"minecraft:spruce_door":1,"minecraft:dirt":16,"minecraft:stone_axe":1,"minecraft:iron_ingot":1,"minecraft:beef":4,"minecraft:stone_pickaxe":1,"minecraft:cobblestone":38},"minecraft:used":{"minecraft:spruce_door":1,"minecraft:bread":2,"minecraft:stone_pickaxe":37,"minecraft:spruce_planks":3,"minecraft:wooden_pickaxe":8,"minecraft:stone_axe":51,"minecraft:dirt":7,"minecraft:crafting_table":2,"minecraft:snowball":4,"minecraft:spruce_log":11,"minecraft:stripped_spruce_log":1,"minecraft:beetroot_soup":1},"minecraft:crafted":{"minecraft:crafting_table":1,"minecraft:spruce_planks":28,"minecraft:stick":8,"minecraft:wooden_pickaxe":1,"minecraft:stone_pickaxe":1,"minecraft:stone_axe":1},"minecraft:killed_by":{"minecraft:player":1},"minecraft:custom":{"minecraft:time_since_rest":2162,"minecraft:sprint_one_cm":55014,"minecraft:damage_taken":607,"minecraft:walk_one_cm":13221,"minecraft:mob_kills":3,"minecraft:drop":8,"minecraft:damage_dealt":929,"minecraft:swim_one_cm":17719,"minecraft:player_kills":2,"minecraft:interact_with_crafting_table":4,"minecraft:fly_one_cm":154792,"minecraft:open_chest":5,"minecraft:crouch_one_cm":3690,"minecraft:play_time":14877,"minecraft:deaths":2,"minecraft:sneak_time":1407,"minecraft:walk_under_water_one_cm":7301,"minecraft:jump":553,"minecraft:leave_game":1,"minecraft:walk_on_water_one_cm":1391,"minecraft:time_since_death":5588,"minecraft:sleep_in_bed":1,"minecraft:total_world_time":14877,"minecraft:fall_one_cm":14311},"minecraft:killed":{"minecraft:zombie":1,"minecraft:cow":2},"minecraft:mined":{"minecraft:sweet_berry_bush":6,"minecraft:spruce_log":45,"minecraft:stripped_spruce_log":1,"minecraft:crafting_table":1,"minecraft:grass":3,"minecraft:grass_block":5,"minecraft:dirt":9,"minecraft:spruce_leaves":8,"minecraft:stone":36},"minecraft:dropped":{"minecraft:leather_chestplate":1,"minecraft:dirt":2,"minecraft:bowl":1,"minecraft:wooden_pickaxe":4}},"DataVersion":3465}