{"stats":{"minecraft:picked_up":{"minecraft:raw_iron":42,"minecraft:crafting_table":2,"minecraft:brown_wool":1,"minecraft:torch":3,"minecraft:porkchop":6,"minecraft:spruce_log":16,"minecraft:dirt":10,"minecraft:rotten_flesh":2,"minecraft:diamond":5,"minecraft:cobbled_deepslate":20,"minecraft:spruce_planks":1,"minecraft:mutton":6,"minecraft:coal":16,"minecraft:white_wool":3,"minecraft:cobblestone":35,"minecraft:furnace":3},"minecraft:used":{"minecraft:cooked_mutton":6,"minecraft:water_bucket":42,"minecraft:lava_bucket":8,"minecraft:stone_sword":15,"minecraft:iron_pickaxe":55,"minecraft:stone_shovel":1,"minecraft:stone_pickaxe":66,"minecraft:wooden_pickaxe":4,"minecraft:stone_axe":19,"minecraft:torch":3,"minecraft:dirt":10,"minecraft:cooked_porkchop":1,"minecraft:crafting_table":2,"minecraft:furnace":3,"minecraft:bucket":51,"minecraft:cobbled_deepslate":13},"minecraft:crafted":{"minecraft:stone_shovel":1,"minecraft:cooked_porkchop":6,"minecraft:crafting_table":1,"minecraft:spruce_planks":56,"minecraft:stick":24,"minecraft:iron_pickaxe":1,"minecraft:iron_ingot":19,"minecraft:wooden_pickaxe":1,"minecraft:stone_pickaxe":1,"minecraft:stone_sword":1,"minecraft:furnace":3,"minecraft:bucket":1,"minecraft:torch":4,"minecraft:stone_axe":1,"minecraft:air":0,"minecraft:cooked_mutton":6},"minecraft:killed_by":{"minecraft:player":1},"minecraft:custom":{"minecraft:time_since_rest":19972,"minecraft:interact_with_furnace":36,"minecraft:sprint_one_cm":45209,"minecraft:damage_taken":648,"minecraft:walk_one_cm":52104,"minecraft:mob_kills":11,"minecraft:drop":3,"minecraft:damage_dealt":1547,"minecraft:swim_one_cm":2588,"minecraft:player_kills":1,"minecraft:interact_with_crafting_table":13,"minecraft:fly_one_cm":103271,"minecraft:crouch_one_cm":3082,"minecraft:play_time":21367,"minecraft:deaths":1,"minecraft:sneak_time":1404,"minecraft:walk_under_water_one_cm":3600,"minecraft:jump":558,"minecraft:walk_on_water_one_cm":15466,"minecraft:leave_game":2,"minecraft:time_since_death":19951,"minecraft:total_world_time":21367,"minecraft:fall_one_cm":16345},"minecraft:killed":{"minecraft:sheep":4,"minecraft:zombie":3,"minecraft:pig":4},"minecraft:dropped":{"minecraft:brown_wool":1,"minecraft:stone_pickaxe":1,"minecraft:wooden_pickaxe":1},"minecraft:mined":{"minecraft:furnace":3,"minecraft:deepslate_diamond_ore":5,"minecraft:iron_ore":20,"minecraft:ice":1,"minecraft:spruce_log":16,"minecraft:torch":2,"minecraft:crafting_table":2,"minecraft:grass_block":6,"minecraft:coal_ore":16,"minecraft:deepslate_iron_ore":22,"minecraft:dirt":4,"minecraft:spruce_leaves":1,"minecraft:stone":35,"minecraft:wall_torch":1,"minecraft:deepslate":23}},"DataVersion":3465}