{"stats":{"minecraft:picked_up":{"minecraft:crafting_table":2,"minecraft:chest_minecart":4,"minecraft:leather":4,"minecraft:wooden_pickaxe":1,"minecraft:dirt":6,"minecraft:string":26,"minecraft:name_tag":2,"minecraft:cobbled_deepslate":1,"minecraft:detector_rail":6,"minecraft:raw_gold":11,"minecraft:spruce_planks":13,"minecraft:beef":6,"minecraft:iron_ingot":4,"minecraft:stone_pickaxe":1,"minecraft:powered_rail":3,"minecraft:sugar_cane":2,"minecraft:stick":50,"minecraft:raw_iron":55,"minecraft:torch":13,"minecraft:stripped_spruce_log":1,"minecraft:spruce_log":30,"minecraft:spruce_door":10,"minecraft:pumpkin_seeds":6,"minecraft:rotten_flesh":1,"minecraft:stone_axe":1,"minecraft:granite":1,"minecraft:gold_ingot":1,"minecraft:bread":2,"minecraft:glow_berries":4,"minecraft:coal":13,"minecraft:rail":16,"minecraft:cobblestone":48},"minecraft:used":{"minecraft:stone_sword":34,"minecraft:spruce_door":12,"minecraft:stone_pickaxe":89,"minecraft:spruce_planks":9,"minecraft:wooden_pickaxe":13,"minecraft:iron_sword":10,"minecraft:iron_chestplate":1,"minecraft:glow_berries":7,"minecraft:dirt":6,"minecraft:crafting_table":2,"minecraft:granite":1,"minecraft:spruce_log":3,"minecraft:iron_axe":1,"minecraft:bread":2,"minecraft:iron_pickaxe":32,"minecraft:iron_helmet":1,"minecraft:iron_boots":1,"minecraft:stone_axe":32,"minecraft:cobblestone":30,"minecraft:furnace":1},"minecraft:crafted":{"minecraft:crafting_table":1,"minecraft:spruce_planks":68,"minecraft:iron_helmet":1,"minecraft:iron_sword":1,"minecraft:spruce_door":3,"minecraft:furnace":1,"minecraft:stone_axe":1,"minecraft:air":0,"minecraft:iron_boots":1,"minecraft:iron_chestplate":1,"minecraft:iron_axe":1,"minecraft:stick":48,"minecraft:iron_ingot":50,"minecraft:iron_pickaxe":1,"minecraft:stone_pickaxe":1,"minecraft:stone_sword":1,"minecraft:gold_ingot":5,"minecraft:iron_leggings":1},"minecraft:killed_by":{"minecraft:player":1},"minecraft:custom":{"minecraft:interact_with_furnace":21,"minecraft:mob_kills":4,"minecraft:interact_with_crafting_table":14,"minecraft:leave_game":1,"minecraft:time_since_death":25590,"minecraft:time_since_rest":25634,"minecraft:sprint_one_cm":68827,"minecraft:damage_taken":458,"minecraft:walk_one_cm":15247,"minecraft:drop":16,"minecraft:damage_dealt":681,"minecraft:swim_one_cm":53066,"minecraft:fly_one_cm":45617,"minecraft:crouch_one_cm":9131,"minecraft:play_time":27130,"minecraft:deaths":1,"minecraft:sneak_time":5162,"minecraft:walk_under_water_one_cm":5855,"minecraft:jump":275,"minecraft:walk_on_water_one_cm":2959,"minecraft:total_world_time":27130,"minecraft:fall_one_cm":3979},"minecraft:killed":{"minecraft:zombie":2,"minecraft:cow":1},"minecraft:mined":{"minecraft:spruce_door":10,"minecraft:crafting_table":2,"minecraft:granite":1,"minecraft:grass_block":1,"minecraft:cobblestone":4,"minecraft:deepslate_gold_ore":1,"minecraft:spawner":2,"minecraft:iron_ore":45,"minecraft:spruce_log":30,"minecraft:stripped_spruce_log":1,"minecraft:cave_vines":2,"minecraft:coal_ore":11,"minecraft:deepslate_iron_ore":10,"minecraft:rail":1,"minecraft:dirt":1,"minecraft:cobweb":28,"minecraft:stone":47,"minecraft:gold_ore":10,"minecraft:deepslate":1},"minecraft:dropped":{"minecraft:stone_axe":1,"minecraft:detector_rail":6,"minecraft:cobblestone":2,"minecraft:chest_minecart":4,"minecraft:rail":16,"minecraft:pumpkin_seeds":6,"minecraft:spruce_log":9,"minecraft:powered_rail":3,"minecraft:stone_pickaxe":1,"minecraft:wooden_pickaxe":1}},"DataVersion":3465}